secondly,-0.062
downvoting,-0.17
infographics,0.272
limited,0.068
child,-0.056
bear,0.082
colleges,-0.11
yellow,-0.212
four,0.034
facilities,0.006
sleep,-0.048
asian,-0.398
controversial,0.046
hating,-0.228
saved,0.284
towns,0.022
poorly,0.06
relationships,-0.2
whose,0.058
votes,-0.094
voter,-0.068
calculate,-0.046
eligible,-0.026
paris,0.016
tweet,0.126
poorest,-0.12
disability,-0.12
contained,0.154
bike,-0.02
brilliant,0.176
voted,-0.052
whatsoever,0.086
under,-0.066
teaching,-0.062
sorry,0.414
pride,-0.058
worth,0.012
updated,0.386
risk,-0.056
dynamic,0.264
rise,-0.02
misunderstanding,0.084
every,-0.002
jack,0.092
vastly,-0.092
bringing,0.074
vast,-0.234
tickets,0.102
school,-0.074
squares,0.042
prize,-0.032
crops,0.074
supports,-0.046
companies,0.016
upload,0.124
tools,0.218
unrelated,0.008
math,-0.012
informative,0.754
employees,0.03
stating,0.226
straight,0.07
clothes,-0.022
enjoy,0.448
forget,0.386
expanded,0.268
force,-0.14
leaders,-0.142
tired,-0.036
strikes,0.012
phones,0.166
consistent,0.246
hanging,0.072
estimates,0.022
japanese,-0.286
elections,-0.112
nail,-0.038
surrounding,-0.016
likely,-0.132
street,0.148
safe,0.448
perfect,0.396
manner,0.192
available,0.14
implemented,-0.138
machines,-0.01
youtube,0.076
blue,-0.212
lesser,-0.156
errors,-0.452
hide,-0.07
preferences,-0.068
prisons,-0.244
decisions,-0.094
meals,0.046
selected,0.096
contributed,-0.03
fingers,-0.058
asia,-0.24
reasoning,0.044
lights,0.128
absolute,0.226
eventually,-0.016
toll,-0.22
churches,-0.094
net,-0.038
increasing,-0.04
ever,-0.166
told,0.058
hobby,0.17
med,-0.154
niche,0.166
kicked,-0.134
simultaneously,0.026
human,-0.082
never,-0.102
richest,-0.212
here,0.294
hundreds,-0.046
reported,-0.424
protection,-0.198
china,-0.362
active,-0.088
path,0.162
100,0.0
101,0.104
interpret,0.024
buddy,0.386
dry,0.008
hell,0.078
kids,-0.088
daughter,0.002
covers,0.172
clarify,0.38
items,0.044
leaves,-0.146
economics,0.024
reports,0.048
ignoring,-0.044
published,0.086
credit,0.024
calculations,0.046
smoke,-0.4
browsing,0.088
military,-0.14
aka,0.014
engineers,0.03
changes,-0.062
punishment,-0.368
criticism,0.322
golden,0.006
divide,-0.098
campaign,-0.1
mobility,-0.006
geography,0.174
explained,0.036
reagan,-0.588
hamas,-0.332
psychological,-0.082
visible,0.23
pound,0.064
moral,-0.182
visualization,0.276
socioeconomic,-0.254
counts,-0.054
cocaine,-0.44
unit,0.024
huh,0.508
plot,0.312
criminals,-0.428
army,-0.278
compensation,0.032
hospital,-0.052
indians,-0.486
negative,-0.118
screenshot,0.338
caring,-0.016
noting,0.114
call,-0.21
until,-0.074
spike,-0.03
strike,-0.076
survive,-0.016
sexy,-0.026
type,-0.056
tell,-0.098
separated,-0.11
incredibly,0.016
females,-0.042
standardized,0.0
holy,0.256
populations,-0.104
successful,0.444
brings,0.052
naive,-0.39
haha,0.662
wars,-0.324
hurt,0.004
99,-0.078
glass,-0.098
berlin,-0.2
interaction,-0.072
secular,-0.314
adult,-0.094
lord,0.22
90,-0.092
hole,0.078
hold,0.024
casualties,-0.17
dot,0.078
circumstances,-0.098
shoot,-0.122
1990,-0.098
intake,-0.088
morally,-0.372
1995,-0.278
room,0.026
cheapest,-0.176
1999,-0.11
presentation,0.428
setup,0.022
work,-0.104
gasoline,0.022
imo,0.522
unfortunately,0.268
theories,0.15
movies,0.294
era,-0.05
ms,-0.05
mr,0.03
exceptions,-0.14
im,0.314
presenting,0.384
root,0.062
example,-0.144
initial,0.09
phrase,0.01
indicated,-0.052
activities,-0.088
pie,0.288
calories,0.002
household,0.024
india,-0.454
involve,0.034
indicates,-0.05
foods,-0.038
want,-0.142
mail,0.146
appearance,0.218
times,-0.048
attract,-0.03
scales,0.128
end,0.028
recovery,0.022
turn,-0.066
complaining,-0.546
travel,0.054
awareness,-0.02
nuts,-0.506
damage,-0.084
machine,0.004
how,-0.13
hot,0.054
significance,0.092
answer,-0.076
record,0.174
widespread,0.104
beach,0.212
classify,0.036
pizza,-0.066
badly,-0.03
regional,0.234
minority,-0.554
beauty,0.278
mess,-0.09
warm,0.134
after,-0.056
lab,0.074
diagram,0.23
jumping,-0.104
lay,0.144
curiosity,0.076
president,-0.224
law,-0.176
meaningful,0.464
lesbian,0.066
types,0.084
purchase,-0.078
attempt,-0.102
third,-0.278
sets,0.064
wins,-0.02
appreciate,0.742
capitalism,-0.586
cigarettes,-0.37
complexity,0.14
maintain,0.022
green,-0.192
contributes,0.07
plotted,0.266
things,-0.074
fan,0.154
democratic,-0.114
medium,0.102
order,-0.1
wind,0.046
wine,-0.038
operations,-0.084
origin,-0.266
executed,-0.344
interpretation,0.212
feedback,0.828
office,-0.222
enter,-0.008
consent,-0.15
over,-0.086
vary,0.068
london,-0.128
thesis,0.074
affect,-0.078
japan,-0.248
before,-0.086
scoring,0.186
submitted,0.178
fit,0.262
somewhere,-0.122
rankings,0.038
fix,-0.118
expectations,-0.026
denver,-0.01
writing,0.036
destroyed,-0.134
production,-0.022
differently,-0.04
400,-0.006
wales,-0.136
hidden,-0.052
strength,-0.024
firearms,-0.372
versus,0.068
then,-0.158
them,-0.174
iowa,-0.01
diseases,-0.126
combination,0.024
powerful,0.006
unemployed,0.006
grand,0.032
finish,0.056
break,-0.084
hispanics,-0.466
bang,0.01
hiring,-0.062
effects,-0.364
schools,-0.082
one,-0.208
bank,-0.022
bread,-0.046
represents,0.096
rhetoric,-0.154
netherlands,-0.192
double,0.036
meat,0.038
reasonably,0.196
classified,-0.016
arrested,-0.522
slavery,-0.344
detroit,-0.0
skills,0.15
filling,0.126
victory,-0.17
reasonable,0.326
fitness,-0.046
went,-0.09
european,-0.282
decreasing,-0.056
side,-0.19
mean,-0.144
expectancy,-0.07
financial,-0.02
snakes,0.014
fairly,-0.016
series,0.378
train,0.004
crimes,-0.584
applicable,0.084
tip,-0.048
impossible,0.158
taught,0.006
trading,-0.028
stealing,-0.16
substantially,-0.162
aids,-0.114
saturday,-0.054
drove,-0.086
network,0.104
driving,-0.176
gradient,0.02
god,-0.172
ha,0.272
tomorrow,0.004
content,0.106
re,-0.334
encourage,-0.042
safety,0.022
reader,0.29
medicine,-0.002
got,-0.02
frequently,0.09
millions,-0.034
forth,-0.084
gop,-0.214
independence,-0.156
smart,0.306
foundation,-0.04
perception,-0.158
turning,-0.038
linear,0.258
normalized,0.102
written,0.064
surveys,0.048
free,-0.044
standard,0.148
management,-0.006
cheers,0.626
struggle,-0.036
elsewhere,0.308
sheet,0.06
estimate,0.16
wanted,-0.134
heat,0.074
enormous,0.174
ate,-0.042
created,0.294
starts,-0.178
professions,-0.0
isp,0.024
messages,0.124
days,-0.022
commented,0.084
creates,-0.192
heck,0.066
soda,-0.574
moving,-0.096
scheme,0.224
loud,-0.254
speeds,0.052
user,0.086
already,-0.146
features,0.198
economists,0.026
10k,0.482
grade,-0.176
coding,0.01
primary,0.02
rank,0.242
accidentally,-0.066
channels,0.216
fantasy,-0.3
chess,0.244
adopted,-0.044
another,0.214
hear,0.148
neighborhood,0.588
electronic,0.288
42,-0.046
illustrate,0.074
households,-0.088
olds,-0.026
rated,0.236
service,0.042
similarly,-0.064
sarcasm,0.406
top,-0.132
girls,-0.01
approximately,0.006
name,0.148
needed,-0.004
rates,-0.322
too,-0.036
hypothetical,-0.188
wildly,-0.032
percentage,-0.138
farming,0.008
dogs,0.198
discussion,0.104
urban,-0.03
murder,-0.47
collapse,-0.04
mechanism,0.06
gym,-0.028
serve,-0.024
took,-0.024
direct,0.156
task,0.184
guidelines,0.22
western,-0.134
somewhat,-0.054
wasted,-0.018
maintaining,0.044
character,0.224
begins,-0.03
distance,0.058
anxiety,-0.016
target,0.058
frankly,-0.132
quantify,-0.022
immigrants,-0.334
tree,0.09
second,-0.26
nations,-0.214
rapidly,0.022
matter,-0.072
classes,-0.034
silly,-0.066
friend,0.12
historical,0.008
budget,-0.056
genders,-0.086
feeling,-0.048
tipping,-0.12
minus,-0.07
displays,0.276
paths,0.06
fashion,0.126
sees,-0.28
2-3,0.018
ran,0.044
boston,-0.0
modern,-0.058
mind,-0.086
mining,-0.144
spent,-0.068
talking,0.004
graphics,0.3
analysis,0.178
seen,-0.048
seem,-0.128
ocean,0.1
seek,-0.068
theres,0.078
dozen,-0.0
forced,-0.106
abroad,0.506
estimated,-0.034
genuine,0.272
concrete,0.028
convenient,0.236
latter,0.242
responsible,0.068
1960,-0.124
snow,0.06
casual,0.186
match,0.24
sound,0.084
unautomated,0.268
causing,-0.056
luxury,-0.0
forces,-0.178
season,0.312
effectiveness,0.096
circles,0.172
even,-0.134
nobody,-0.334
committing,-0.558
though,-0.03
desert,0.072
iceland,-0.202
object,-0.074
accurately,0.21
metrics,0.044
pretty,0.18
involving,-0.02
germany,-0.21
plenty,0.072
entry,-0.052
phase,-0.25
drought,0.084
cap,0.036
germans,-0.3
morality,-0.238
zealand,-0.182
peers,-0.09
800,0.052
episode,0.262
observation,0.108
neighborhoods,0.066
released,0.22
incomplete,0.046
medical,-0.068
camp,-0.03
m,0.036
dog,0.046
crowd,0.148
usual,0.054
missed,0.386
reputation,-0.518
tech,0.164
principle,-0.066
deeply,-0.004
man,0.284
voting,-0.16
consumer,-0.038
notion,-0.02
came,-0.026
reserve,-0.01
saying,-0.222
bomb,-0.074
lyrics,0.286
hunger,-0.052
retire,-0.128
sexist,-0.288
subreddit,0.19
implying,-0.256
attempts,-0.126
phds,0.032
radio,0.214
solutions,0.19
matters,0.26
sexism,-0.196
earth,-0.014
nevada,-0.044
availability,-0.186
judges,-0.196
northeast,-0.05
clicked,0.096
proposed,0.072
situations,-0.162
explain,-0.036
sentence,0.158
minnesota,-0.01
sugar,-0.144
bush,-0.226
rich,-0.026
photo,0.058
folks,-0.102
constant,0.064
personality,-0.01
wearing,-0.05
exports,-0.122
asians,-0.554
10,0.0
air,0.092
de,-0.0
stop,-0.266
dc,-0.028
preferred,-0.36
coast,-0.066
pocket,0.062
amazon,0.054
redditor,0.112
competitive,0.178
mention,0.024
new,-0.086
report,0.08
google,0.146
noticed,0.178
dr,0.002
tips,-0.022
societies,-0.264
runs,-0.048
switched,0.02
estate,0.014
countries,-0.192
textbooks,0.04
fields,-0.028
excel,0.258
animation,0.506
bandwidth,0.05
public,-0.062
bag,-0.016
bad,-0.04
intervals,0.07
shots,0.03
ban,-0.246
implication,0.034
fertility,-0.108
steal,-0.218
valid,0.326
thanks,0.748
respond,0.03
ethical,-0.064
decides,-0.264
disaster,-0.59
reference,-0.036
generally,-0.06
liquor,-0.06
testing,0.074
convey,0.272
observed,0.142
checks,0.096
depends,0.254
decided,-0.158
result,-0.156
fail,-0.064
miserable,-0.256
frequency,0.192
traveled,0.352
subject,0.008
brazil,-0.264
instance,0.064
said,-0.25
capacity,0.03
lots,0.158
analyze,0.064
away,-0.154
iirc,0.034
wikipedia,0.236
patients,-0.074
artificial,-0.006
injuries,-0.176
stamps,-0.048
unable,-0.094
olympics,0.16
finger,0.012
hopefully,-0.104
drawn,0.11
sorts,0.072
repost,0.212
tolerance,-0.138
insult,0.044
wage,0.016
we,-0.146
men,-0.006
terms,0.124
extend,-0.022
nature,-0.064
wo,-0.092
confusion,0.268
team,0.25
handful,0.004
weak,0.048
ignorance,-0.124
equals,-0.002
southeast,-0.054
retirement,-0.034
wear,-0.166
extent,-0.128
95,-0.068
carbon,0.014
picking,-0.004
debt,0.062
improve,0.362
suggested,0.068
cop,-0.2
protect,-0.162
accident,-0.14
programmer,0.024
met,0.098
country,-0.314
ill,0.118
conclusions,0.06
against,-0.612
damned,0.148
players,0.258
unhappy,0.282
games,0.296
iron,0.066
faces,0.052
distinction,-0.036
contribution,-0.092
argue,-0.082
asked,-0.024
suggest,-0.048
presumably,-0.01
bored,0.176
tone,0.06
application,0.008
looking,0.074
wish,0.712
connection,0.09
excess,-0.008
epidemic,-0.1
2nd,-0.322
represented,0.082
tons,0.06
genes,0.082
pregnancy,-0.15
loaded,-0.136
250,0.088
trust,0.006
hitler,-0.246
speak,-0.178
strong,-0.148
nicer,0.596
asks,-0.176
basis,-0.144
union,-0.14
ya,0.392
three,0.092
tiny,-0.126
quickly,0.18
bothers,-0.066
confident,0.426
beer,-0.044
much,-0.148
dont,0.438
logarithmic,0.216
interest,-0.024
basic,0.132
privilege,-0.332
entered,0.03
dozens,-0.196
pro,0.118
board,0.036
dots,-0.0
obese,-0.046
life,-0.02
families,-0.058
deeper,0.17
eastern,-0.186
drugs,-0.526
republicans,-0.116
worker,0.018
uncommon,0.344
argument,-0.03
personally,-0.1
catch,0.1
worked,-0.146
applied,0.108
unpopular,0.008
exception,0.008
save,0.022
tank,-0.002
publicly,-0.094
38,0.008
economies,-0.22
kentucky,-0.058
excited,0.048
aim,-0.31
ugly,-0.426
evening,-0.066
formatting,0.228
suppose,0.09
teachers,-0.052
applies,0.15
stopping,-0.092
aid,-0.088
murders,-0.456
elaborate,0.03
unlikely,0.154
ridiculously,0.092
seven,0.038
changed,0.052
metropolitan,-0.02
mexico,-0.154
iq,0.056
ip,0.108
customers,0.038
expenses,-0.04
ii,-0.124
r/atheism,0.044
cant,-0.048
experts,-0.008
creepy,0.04
victims,-0.444
seattle,-0.0
ie,0.108
id,0.002
grown,0.006
confirmed,0.078
lacking,0.068
perform,-0.044
nazi,-0.17
make,-0.14
cumulative,0.202
incredible,0.778
airport,0.026
linked,0.194
healthier,-0.01
patient,-0.086
split,-0.04
babies,-0.134
incorrectly,0.032
80s,-0.07
several,0.094
grows,-0.038
entitled,-0.166
wheel,0.08
independent,-0.044
satellite,0.1
peaks,-0.006
screw,-0.562
welsh,-0.428
luck,0.338
social,-0.042
hang,-0.044
workforce,0.004
evil,-0.55
hand,-0.06
effectively,0.152
suburb,0.102
scale,0.202
ownership,-0.324
opportunity,-0.032
thoughts,0.204
kid,-0.07
mentioning,0.192
vermont,-0.078
kept,-0.108
scenario,-0.442
programs,-0.1
los,0.008
settled,-0.038
posting,0.176
failing,-0.066
boxes,0.062
1970,0.002
tho,0.376
hispanic,-0.38
savings,-0.01
practices,-0.146
greatest,-0.24
mother,-0.0
claims,-0.044
alabama,-0.496
camps,-0.312
corporate,-0.022
investments,0.032
left,-0.128
opinions,-0.02
co2,0.022
background,-0.056
quoted,0.002
unemployment,-0.07
yea,0.556
gods,-0.168
laptop,-0.012
unfair,-0.062
gravity,0.006
assigned,0.088
grades,-0.04
via,0.274
identify,-0.238
farther,-0.096
victim,-0.37
facts,0.012
yep,0.256
yes,0.214
yet,-0.094
previous,0.152
adding,0.134
comparisons,0.062
hills,0.134
candidate,-0.16
sciences,-0.012
noted,0.036
had,-0.018
ideal,0.104
disparity,-0.148
spread,-0.104
massively,0.006
innocent,-0.432
prison,-0.43
basketball,0.254
pointing,0.394
east,-0.166
hat,-0.0
humanity,-0.518
gave,0.064
kobe,0.272
hint,0.022
survival,-0.088
looks,0.65
possible,0.44
regard,0.252
arab,-0.356
possibly,-0.072
cultural,-0.162
indicative,0.1
birth,-0.096
wanting,-0.052
judge,-0.234
objectively,-0.426
asshole,-0.208
advanced,-0.038
apart,0.02
desire,-0.152
brought,-0.02
precise,0.274
texts,0.068
55,-0.024
cool,0.87
performing,0.048
viz,0.584
50,-0.038
specific,0.232
remind,-0.102
steps,-0.022
officer,-0.096
spreadsheet,0.252
night,-0.074
rarely,0.098
security,-0.076
sometime,0.064
potentially,0.122
beneficial,0.07
greenland,-0.126
old,-0.018
continuous,0.362
stereotype,-0.052
successfully,-0.098
somehow,-0.01
elderly,-0.13
unnecessary,-0.008
born,-0.064
clubs,0.132
election,-0.092
escape,-0.208
multiple,0.012
wwi,-0.228
glance,0.242
library,0.194
enemies,-0.73
ignore,0.018
total,-0.032
dense,0.004
bottom,-0.07
purple,-0.212
establish,0.078
normal,0.354
fox,0.138
ice,-0.092
creative,0.324
contributing,-0.022
everything,-0.33
individuals,-0.224
select,0.062
denied,-0.14
beating,-0.078
christmas,-0.044
participation,0.016
core,-0.172
beers,0.034
ww2,-0.198
deleted,0.074
marketing,0.12
corn,0.01
burn,-0.046
circlejerk,-0.14
style,0.32
graduates,-0.01
discount,0.018
defensive,-0.018
graduated,-0.038
khan,-0.004
post,0.262
manufacturing,0.188
super,0.174
properties,0.058
hearing,0.168
census,0.012
scaled,0.218
attacks,-0.29
theirs,-0.12
dollars,-0.036
citizens,-0.166
ranges,0.07
o,0.046
essential,0.108
distinct,0.138
dinner,-0.086
misleading,-0.028
ensure,-0.12
excellent,0.938
commit,-0.59
efforts,0.002
palestinians,-0.254
slightly,-0.11
automatically,0.048
functions,0.14
raised,0.008
contains,0.13
whats,0.034
subs,0.066
presence,-0.184
civil,-0.208
pays,-0.126
prisoners,-0.25
profession,-0.004
bound,-0.038
intellectual,-0.014
arms,-0.068
down,-0.212
lies,0.026
beings,-0.1
right,-0.166
raises,-0.052
balanced,0.156
easy,0.352
reducing,0.002
diverse,0.194
methods,0.086
existed,0.016
rely,-0.084
deal,-0.004
comparing,0.144
support,-0.14
constantly,-0.258
legislation,-0.224
raped,-0.316
senate,-0.056
fought,-0.31
author,0.278
way,-0.094
spring,-0.014
resulted,-0.03
researchers,0.008
war,-0.266
therefore,-0.004
lowest,-0.218
head,-0.0
creation,-0.024
album,0.314
offering,0.12
offer,0.014
attempted,-0.216
becoming,-0.024
differences,-0.112
failure,0.004
purchasing,-0.036
uncle,0.048
dead,-0.044
solar,0.096
indiana,0.02
gaming,0.09
approval,-0.066
stand,0.044
true,0.014
iphones,-0.006
responding,-0.012
isis,-0.646
input,0.224
slope,0.158
versions,0.052
prevents,-0.092
inside,0.112
attached,-0.048
maximum,0.052
devices,0.066
ruined,-0.52
note,0.136
emotional,-0.04
mountain,0.188
propaganda,-0.06
delete,0.192
150,0.002
later,-0.058
liberal,-0.044
lately,0.056
labels,0.196
computing,-0.02
ease,0.072
abstract,0.098
statistic,0.014
twenty,0.064
proven,-0.222
evidence,-0.02
proves,-0.002
exist,-0.124
request,0.094
accounting,0.04
ship,-0.01
annoying,-0.168
distributions,0.18
trip,0.05
k,0.058
regime,-0.422
palestinian,-0.222
nj,0.078
dying,-0.116
no,-0.012
na,0.192
whereas,-0.004
nc,-0.076
when,-0.17
handed,-0.054
reality,-0.082
til,0.394
ny,-0.006
setting,0.128
republic,-0.106
academic,0.042
holding,-0.024
papers,0.096
test,0.008
tie,0.074
confusing,-0.31
roll,-0.102
realize,0.062
artificially,-0.018
scored,0.154
picture,0.27
brothers,0.428
pronounced,0.116
models,0.026
dies,-0.528
felt,-0.074
convincing,0.33
update,0.342
diet,-0.16
taste,0.152
muslims,-0.63
invested,-0.026
rising,-0.052
scores,0.046
rolling,0.076
describing,0.292
aware,0.414
weekend,-0.048
died,-0.06
stops,-0.068
billion,-0.034
younger,-0.064
mildly,0.218
longer,-0.112
98,-0.216
assume,-0.074
typically,0.14
daily,-0.15
android,0.058
rough,0.128
vietnam,-0.31
time,-0.112
push,-0.104
serious,-0.044
letter,0.158
quantity,-0.12
profits,0.004
stick,0.078
1st,-0.252
roi,0.064
concept,-0.038
managed,-0.04
chain,0.012
whoever,-0.104
dance,0.254
skip,-0.474
global,-0.118
focus,-0.002
hawaii,-0.058
leads,-0.67
manager,-0.126
mile,0.074
comments,0.052
skin,-0.218
battle,-0.222
involved,0.092
displaying,0.29
milk,-0.098
competition,0.056
row,-0.218
supposedly,-0.168
suicide,-0.314
depend,0.044
clarification,0.494
zone,-0.018
outdated,-0.22
promote,-0.05
flash,0.15
father,-0.02
disgusting,-0.714
1945,-0.23
environment,0.014
answered,0.006
charge,-0.14
asking,-0.066
electricity,0.04
supplies,0.012
marks,0.096
pace,0.04
suffered,-0.116
must,0.262
southwest,0.008
brown,-0.208
yards,0.07
advantage,-0.224
confidence,0.026
keeping,0.178
seemingly,-0.152
choice,-0.194
vegas,-0.074
eve,0.292
tanks,-0.118
stays,-0.062
cook,-0.1
join,-0.298
trouble,-0.132
exact,0.29
minute,0.078
governments,-0.028
visualized,0.316
perceived,-0.016
info,0.598
scandinavia,-0.192
impressive,0.732
level,0.004
did,-0.144
die,-0.094
philippines,-0.486
rights,-0.318
registered,0.044
gun,-0.368
standards,-0.032
leave,-0.02
pursue,-0.038
settle,0.022
subway,0.128
defaults,0.178
recall,0.142
quick,0.628
movie,0.514
guy,0.008
dip,-0.04
round,0.05
added,0.456
citation,0.47
upper,-0.23
pork,-0.092
revolution,-0.162
says,-0.14
findings,0.068
insignificant,0.084
trend,0.078
dealing,-0.116
okay,0.46
sign,0.076
affiliation,-0.098
invaded,-0.254
cost,-0.066
reply,0.38
eating,-0.184
targets,-0.154
drinks,-0.074
majors,0.004
afghanistan,-0.484
educate,-0.002
adds,0.154
constitution,-0.162
trivial,0.288
assistance,-0.03
axes,0.2
shares,0.0
rome,0.05
current,0.038
300,0.01
hungry,0.05
nebraska,-0.01
suspect,0.016
goes,-0.196
international,-0.012
falling,-0.122
appeal,0.044
boost,0.064
filled,-0.198
temperatures,-0.04
supporting,-0.072
processing,0.11
transportation,0.01
install,0.068
grandparents,-0.096
muslim,-0.518
productive,0.35
songs,0.346
french,-0.24
agreement,-0.006
water,0.062
corporation,-0.022
upgrade,0.008
baseball,0.25
groups,-0.378
address,0.022
alone,-0.056
along,0.018
stem,-0.022
appears,-0.056
change,-0.102
wait,0.204
box,0.176
sending,0.118
condoms,0.072
noticeable,0.004
canadian,-0.042
healthy,-0.066
shift,-0.088
guaranteed,0.174
studied,0.01
guilty,-0.56
commonly,0.098
legit,0.344
trial,-0.33
percentile,0.016
exams,-0.018
suggestion,0.564
usually,-0.036
weird,0.336
studies,0.032
genuinely,-0.006
engineer,0.018
shootings,-0.328
regardless,-0.056
extra,-0.014
problematic,0.12
merely,-0.038
prefer,0.052
marked,0.14
bloody,-0.12
losing,-0.012
suicides,-0.25
fbi,-0.076
employer,0.004
crisis,-0.04
market,-0.022
everybody,-0.312
troops,-0.196
working,-0.112
prove,-0.08
sake,-0.114
positive,-0.488
angry,0.054
give,0.004
dude,0.532
predictions,0.204
france,-0.2
territories,-0.12
live,-0.13
explicitly,-0.024
opposed,-0.238
wondering,0.092
memory,0.03
films,0.214
black,-0.448
associated,-0.084
theoretical,0.152
today,-0.098
weeks,0.008
sharing,0.928
technically,0.192
irony,0.136
afford,-0.116
organized,-0.1
acceptable,-0.092
apparent,0.156
oregon,-0.062
clue,-0.152
downtown,0.028
employee,0.02
visual,0.574
ignorant,-0.216
observations,0.088
cases,-0.326
given,0.052
effort,0.006
easiest,0.322
op,0.468
fly,0.032
organizations,-0.154
graphic,0.412
currency,-0.034
car,-0.06
originally,0.136
pretend,-0.044
abortion,-0.394
believes,-0.194
districts,-0.034
labeled,0.15
incidents,-0.382
inferior,-0.082
believed,-0.154
making,-0.05
metal,0.342
feature,0.53
heart,-0.14
dedicated,-0.48
months,0.012
nursing,-0.008
figure,-0.09
predict,0.006
december,-0.118
subsidies,-0.056
confused,-0.09
sample,-0.004
heard,-0.05
performed,-0.162
exclude,-0.068
offense,-0.114
counting,-0.024
viewers,0.232
occur,0.002
swedish,-0.194
band,0.268
requirements,0.044
winter,0.022
divided,0.0
watching,0.31
ping,0.082
1,0.046
till,-0.126
attempting,-0.032
actual,0.344
fourth,-0.242
familiar,0.318
genocide,-0.864
speaks,-0.338
r/dataisbeautiful,0.224
economy,-0.114
r/infographics,0.258
armies,-0.242
staying,-0.074
cycle,0.112
plains,0.34
influenced,-0.038
may,-0.126
max,0.016
wonderful,0.972
annoyed,0.03
southern,-0.054
respective,0.13
lucky,0.608
islamic,-0.724
mac,-0.056
4th,-0.268
mad,-0.2
islands,0.022
date,-0.082
such,0.03
suck,-0.254
employers,0.008
guys,0.272
grow,-0.01
goal,0.096
stress,-0.122
tornado,0.248
natural,-0.092
remember,-0.012
correlate,0.078
conscious,0.066
whenever,-0.128
maybe,-0.144
st,-0.066
provide,0.094
switch,-0.138
jail,-0.298
african,-0.394
definitions,0.022
pulled,0.05
sf,-0.016
talk,-0.116
typical,0.184
exclusive,0.156
actors,0.06
serving,-0.034
shoes,-0.12
correlation,-0.048
indeed,0.076
pointed,0.042
mainly,-0.07
years,-0.048
professors,-0.008
course,-0.096
episodes,0.318
fatalities,-0.092
dataisbeautiful,0.112
cuts,-0.168
argued,-0.056
statements,0.086
cold,0.034
still,-0.102
extreme,0.008
tendency,-0.144
blocked,-0.022
group,-0.534
monitor,-0.2
acknowledge,-0.028
interesting,0.778
methodology,0.192
decreases,-0.028
forms,0.082
wasting,-0.072
window,-0.01
according,0.026
ahh,0.466
constitutes,-0.044
policy,-0.192
decreased,-0.05
main,-0.178
norway,-0.208
causation,-0.054
texas,-0.058
happened,-0.1
busy,0.124
non,-0.546
misread,0.04
finance,0.082
civilian,-0.214
matches,0.182
smarter,0.068
killer,-0.038
sooner,-0.1
nation,-0.224
lunch,-0.12
qualified,-0.076
1950,-0.132
base,0.086
wealthy,-0.096
needing,0.036
sorted,0.222
now,-0.154
killed,-0.11
nor,-0.072
above,0.076
wont,-0.11
term,0.276
equality,-0.106
tobacco,-0.44
james,-0.2
drop,-0.036
financially,0.424
realistic,0.244
ussr,-0.222
secure,0.374
realise,-0.478
rock,0.25
entirely,-0.026
quarter,-0.136
reminds,0.664
em,0.244
domain,0.092
weighted,-0.036
significantly,-0.192
latin,-0.07
populated,-0.028
ed,0.102
eg,0.044
yeah,0.492
gaps,-0.034
experienced,0.018
ex,-0.086
entering,-0.042
year,-0.028
eu,-0.238
et,-0.134
happen,-0.15
summary,0.164
surprise,0.218
plans,-0.028
canada,-0.198
living,-0.046
shown,0.148
accomplish,-0.142
100k,0.132
opened,-0.008
3rd,-0.546
factors,-0.124
profit,-0.006
oklahoma,-0.052
factory,0.0
rational,0.102
increase,-0.038
attracted,-0.028
seriously,0.106
miles,-0.006
wide,0.086
dutch,-0.154
suggesting,0.03
formula,0.21
dominate,-0.006
sweet,0.76
viable,0.116
shows,0.3
creating,0.15
<URL>,0.002
theory,-0.004
state,-0.052
cars,-0.056
million,-0.012
possibility,-0.054
quite,-0.07
dig,0.044
advantages,-0.184
besides,0.144
taxed,-0.012
eh,0.332
upon,0.11
inevitable,-0.054
card,0.09
care,-0.12
partner,-0.048
advance,-0.102
training,0.148
fixed,0.414
language,-0.166
locations,0.044
discussing,0.03
transition,0.082
programming,-0.056
british,-0.196
honest,0.472
thing,-0.168
place,-0.638
massive,-0.11
swing,0.032
routes,-0.074
warning,0.086
think,-0.13
frequent,0.094
1000,-0.02
blind,-0.128
cheese,-0.172
flying,-0.04
saving,0.312
airline,0.294
revenue,0.05
spoken,-0.108
variables,0.068
waves,0.1
btw,0.786
yourself,-0.158
americans,-0.542
specifically,0.012
directly,0.2
spanish,-0.192
vote,-0.106
corporations,-0.064
ring,-0.106
fight,-0.274
open,0.248
george,-0.094
size,-0.04
city,-0.002
little,-0.078
necessarily,-0.132
officials,-0.006
district,-0.078
stuck,0.206
caught,-0.002
trillion,-0.03
remotely,-0.062
anyone,-0.344
indicate,0.048
returns,0.18
2,0.08
terrifying,0.432
articles,0.138
legally,-0.108
white,-0.532
bits,0.062
frame,0.13
speaking,-0.038
3,0.038
nutrition,-0.036
eyes,-0.158
correlations,0.068
inefficient,-0.52
mostly,-0.272
using,0.092
pittsburgh,-0.038
brains,0.03
suit,-0.056
proving,-0.256
obtained,0.062
viewing,0.124
cops,-0.264
outcome,0.228
ridiculous,-0.646
hope,0.19
butt,0.08
copy,0.106
representing,0.176
than,-0.126
specify,0.052
population,-0.158
11,0.008
professionals,0.008
13,-0.01
12,0.014
15,0.004
14,0.014
17,0.006
16,0.004
19,-0.004
18,-0.012
require,0.096
section,0.17
protected,-0.192
apples,0.25
were,-0.124
cards,0.09
college,-0.044
opponent,0.08
russia,-0.314
lunches,-0.134
questionable,-0.03
20s,-0.11
illness,-0.102
voters,-0.094
san,0.006
few,0.114
remained,0.02
reviews,0.116
topics,0.026
turned,-0.054
marijuana,-0.5
prostitution,-0.554
danger,0.048
threw,0.558
say,-0.12
conspiracy,-0.024
rent,-0.012
occupied,-0.206
any,-0.056
kevin,0.156
sat,0.04
speakers,-0.186
sport,0.23
form,0.122
greek,-0.108
java,0.1
fucking,-0.02
answering,-0.012
hmm,0.366
ideas,0.148
shocked,-0.09
six,0.06
equipment,-0.014
emphasis,0.018
potential,-0.102
take,-0.098
online,0.152
objective,0.036
destroy,-0.11
concern,-0.018
switching,-0.03
channel,0.194
ultimate,0.18
200,0.018
begin,0.012
sure,-0.128
pain,-0.112
opposite,0.016
arguing,-0.088
price,-0.054
keeps,-0.056
fails,0.04
paid,-0.018
falls,-0.018
agriculture,0.002
assault,-0.44
importantly,0.158
pair,0.1
stats,0.132
america,-0.268
pages,0.112
bands,0.274
forever,0.004
operate,0.06
especially,-0.01
surprising,0.038
considered,-0.022
athletes,0.176
average,0.012
proud,-0.08
implications,-0.036
drive,-0.1
wing,-0.11
federal,-0.08
script,0.2
slaves,-0.072
pattern,0.016
understandable,0.104
senior,-0.016
salt,-0.008
laws,-0.268
shop,-0.094
rating,0.15
walking,-0.082
drastically,-0.046
shot,-0.092
show,0.244
german,-0.196
cheap,-0.08
merit,-0.0
sites,0.172
discovered,0.272
bright,-0.12
mountains,0.368
threshold,0.096
corner,-0.148
aggressive,-0.114
california,-0.06
data,0.306
maine,-0.066
ground,-0.03
weapons,-0.158
slow,-0.004
ratio,0.006
favorite,0.61
gulf,-0.184
title,0.214
representation,0.422
dick,-0.074
proportion,-0.138
enough,-0.108
crime,-0.58
only,-0.134
going,-0.226
believing,-0.158
hockey,0.256
nurse,-0.014
posted,0.136
congressional,-0.114
carolina,-0.076
spirit,0.358
ranking,-0.096
correctly,0.06
get,-0.116
contracts,-0.0
expectation,-0.074
truly,-0.288
tens,-0.02
nearly,-0.064
progress,0.538
justified,-0.03
secondary,-0.04
prime,-0.064
regarding,0.174
reading,0.034
resource,0.03
girl,0.1
artist,0.3
median,0.006
isnt,-0.192
morning,-0.068
jokes,-0.194
stupid,-0.498
euro,0.086
predicted,0.054
bombs,-0.116
worries,0.518
showing,0.292
gps,0.106
where,-0.142
husband,-0.004
wiki,0.188
ignored,0.1
physically,-0.162
station,0.092
replies,0.086
comparable,0.152
seat,-0.1
connections,0.112
elected,-0.098
actively,-0.004
asleep,-0.084
anyways,0.012
ignores,-0.308
parking,0.016
apologies,0.48
stigma,-0.042
surgery,-0.054
connected,0.12
mcdonalds,0.114
europeans,-0.228
um,0.258
israeli,-0.234
vertical,0.216
mortgage,0.032
farmers,0.088
ways,-0.084
forgotten,0.05
review,0.274
representatives,-0.094
materials,0.002
colours,-0.094
sir,0.662
behind,-0.132
bureau,-0.032
literal,0.064
john,0.008
between,-0.024
without,0.024
import,0.032
teens,-0.252
bombing,-0.078
across,-0.008
uh,0.588
affordable,0.076
gives,0.264
notice,0.026
infrastructure,-0.016
jobs,0.002
august,-0.106
parent,0.002
messed,0.14
optimal,0.302
screen,0.04
points,0.128
flow,0.098
killing,-0.424
blame,-0.046
beyond,0.042
spare,-0.076
hurts,-0.142
nationality,-0.18
trolling,-0.276
come,-0.066
concentrated,-0.042
reaction,0.04
dates,0.006
reddit,0.062
many,0.054
region,-0.034
23,-0.006
linux,0.024
quiet,-0.002
contract,-0.016
personal,0.198
tour,0.11
item,-0.004
scope,0.054
comes,0.024
nearby,0.188
duty,-0.072
pakistan,-0.442
zoom,0.138
afterwards,-0.002
cancer,-0.21
color,-0.112
effective,0.394
pot,-0.45
period,-0.058
insist,-0.48
sampling,0.038
60,-0.042
homosexuality,-0.234
grants,-0.062
anti,-0.472
65,-0.068
learning,0.05
disproportionately,-0.36
additionally,0.086
moreover,-0.148
bizarre,0.13
poll,-0.018
considers,-0.008
boat,-0.184
logic,0.056
turkey,-0.5
better,0.204
arts,0.184
cities,-0.004
nope,0.138
subscribed,0.036
cares,-0.348
stretch,0.038
west,-0.05
skew,-0.02
classic,0.24
informed,0.102
airlines,-0.044
mark,-0.06
combined,-0.128
peaceful,-0.14
technical,0.094
borders,0.134
hardly,0.042
500,-0.002
wants,-0.332
direction,0.01
educated,0.076
shopping,-0.01
filter,0.222
thousand,0.002
formed,-0.024
bro,0.426
photos,0.008
dramatic,0.156
wake,-0.072
minister,-0.09
hardcore,0.23
careful,0.018
irrelevant,-0.04
former,-0.044
those,0.14
countless,-0.584
case,-0.146
myself,-0.164
stacked,0.396
50k,0.468
developing,-0.086
these,0.158
polls,-0.106
engineering,-0.002
professional,0.188
easier,0.17
trick,-0.12
w,-0.002
lumped,0.01
unfortunate,-0.208
policies,-0.13
situation,-0.096
shops,0.116
margin,-0.116
50s,-0.232
ive,-0.028
orientation,-0.13
prevalence,-0.264
park,0.124
characteristics,-0.09
metric,0.234
agnostic,-0.196
coffee,0.02
sleeping,-0.086
couples,-0.004
middle,-0.166
bias,-0.08
attributed,-0.06
ironic,-0.138
return,0.042
protein,0.024
property,0.052
technology,0.078
everyday,-0.2
worry,-0.11
par,-0.058
perhaps,-0.018
develop,0.268
harsh,0.306
doctor,-0.038
pay,-0.046
granted,-0.02
bowl,0.236
same,-0.13
denying,-0.17
shifts,-0.152
speech,-0.098
arguments,0.048
buys,-0.046
figures,0.054
struggling,0.026
physical,-0.042
pal,0.258
events,-0.014
status,-0.086
visually,0.508
pedantic,0.03
putin,-0.266
centuries,-0.024
closest,-0.046
singapore,-0.318
liberals,-0.068
births,-0.12
incarceration,-0.364
weed,-0.738
driven,-0.178
persons,-0.032
running,-0.12
codes,0.036
anecdotal,0.036
intended,0.032
changing,0.036
totally,0.242
tradition,-0.124
mentally,-0.002
gerrymandering,0.088
tracking,0.126
colorblind,-0.114
largely,-0.076
charges,-0.368
random,0.054
floor,0.038
constitutional,-0.176
roughly,-0.052
severe,-0.094
costs,-0.062
solve,-0.058
bot,0.068
bottle,-0.198
trains,-0.028
very,-0.068
model,0.232
nah,0.492
amazed,-0.33
charged,-0.468
gdp,-0.068
summer,0.016
gaining,0.042
among,-0.184
being,-0.212
money,-0.102
resolution,0.214
rest,-0.092
foot,-0.006
violent,-0.57
relevant,0.478
kill,-0.076
showed,0.214
aspect,0.114
positions,0.044
touch,-0.112
polish,-0.146
speed,0.038
weekly,-0.022
blow,0.072
occasional,0.51
death,-0.208
feminist,-0.064
thinking,-0.162
rose,-0.066
seems,0.07
except,-0.224
desktop,-0.06
guessing,0.09
lets,0.066
interested,0.596
neat,0.902
treatment,-0.128
samples,0.05
emissions,-0.016
eye,0.162
role,-0.022
struck,-0.06
pill,-0.042
careers,-0.054
real,-0.016
starving,-0.036
aspects,-0.038
around,-0.122
kills,-0.138
easily,0.184
read,0.104
digital,0.222
virginia,-0.132
early,-0.142
inflation,-0.02
traffic,-0.02
preference,-0.024
mom,-0.026
world,-0.214
accepted,-0.002
lady,0.066
vague,0.256
dare,-0.104
ruled,-0.162
developers,0.062
achieve,-0.036
reduces,-0.236
serves,-0.074
server,0.02
facing,0.05
benefit,-0.276
either,-0.214
fully,0.03
served,-0.102
downward,0.168
reduced,-0.052
sharp,0.222
homicides,-0.388
jews,-0.39
joking,-0.12
exposed,0.048
steady,0.096
meta,0.122
pacific,-0.128
cognitive,0.038
calculated,0.038
table,0.142
images,0.242
racial,-0.408
bigger,-0.026
thinks,-0.29
provided,0.076
scholarships,-0.2
genetics,-0.068
confirm,0.166
ability,0.02
recorded,0.178
overly,0.06
legal,-0.41
conservative,-0.072
consuming,0.04
habits,-0.088
provides,0.252
provider,0.066
moderate,-0.152
decent,0.836
refer,-0.016
measuring,0.106
considering,-0.224
biased,-0.276
football,0.264
scientific,0.042
power,0.008
database,0.236
seconds,0.01
equivalent,-0.048
each,0.092
communicate,-0.018
unusual,0.296
tuition,-0.05
broken,-0.104
leadership,0.082
great,0.732
biases,-0.086
ratios,0.01
found,0.026
standpoint,0.13
refers,0.066
stereotypes,-0.25
throw,0.024
earlier,0.12
helping,0.056
wondered,0.012
ol,0.154
central,-0.118
stations,0.114
island,-0.158
industry,0.022
violence,-0.48
discussed,0.104
generated,0.202
meal,-0.056
ideology,-0.204
fell,-0.06
greatly,-0.066
neighbor,0.118
act,-0.23
mixed,-0.086
intent,0.162
popularity,0.238
os,0.062
road,-0.156
fallacy,-0.024
ladies,0.192
lands,-0.066
burning,0.01
flawed,-0.048
whites,-0.482
communication,0.128
spreading,-0.132
skilled,0.086
vacation,-0.002
replace,-0.002
variable,0.114
officially,0.014
involvement,-0.15
determine,0.026
parties,-0.116
elementary,-0.06
valuable,0.47
nowadays,0.062
wan,0.222
theoretically,0.05
intervention,-0.246
37,0.104
fast,0.084
log,0.222
her,-0.006
area,-0.004
removing,0.042
strictly,0.056
racism,-0.43
lol,0.354
christianity,-0.25
start,-0.164
racist,-0.574
low,0.04
lot,-0.064
house,0.218
cultures,-0.162
played,0.254
valley,0.04
bubble,0.03
fish,0.08
assumes,-0.04
depressed,0.408
catholics,-0.234
hard,0.282
complete,-0.048
signs,0.132
judging,-0.06
societal,-0.232
correlated,-0.004
ended,0.084
hurricanes,-0.0
e,0.026
trying,-0.072
buying,-0.054
happening,-0.186
volume,-0.03
pull,-0.02
hire,-0.008
october,-0.142
operating,0.12
improved,0.036
naming,0.034
monopoly,0.176
default,-0.036
vice,0.3
bucket,0.256
nearest,0.098
message,0.162
dirty,-0.468
grasp,-0.008
dubstep,0.354
politically,0.36
beliefs,-0.12
darker,-0.092
strongly,-0.004
gone,-0.078
required,0.036
citizenship,-0.14
videos,0.23
ai,0.002
certain,0.028
arabs,-0.408
describe,0.008
deer,-0.144
al,-0.346
deep,0.46
general,0.036
navy,-0.19
britain,-0.154
together,-0.044
file,0.188
girlfriend,0.046
politics,-0.078
moves,0.1
hospitals,-0.078
spends,-0.1
film,0.232
fill,-0.186
incorrect,0.06
again,-0.138
genres,0.336
inflated,0.018
ideally,0.484
idiot,-0.166
deserve,-0.08
drivers,-0.08
storage,-0.082
depth,0.224
event,0.0
field,0.056
implied,-0.032
5,0.026
mathematics,-0.004
forcing,-0.068
offered,0.006
karma,-0.026
poor,-0.374
operation,0.064
accounted,0.054
hey,0.658
congress,-0.16
separate,0.024
students,-0.06
narrative,0.024
reached,0.106
includes,-0.046
gon,0.162
track,0.042
massachusetts,-0.138
accounts,0.012
fresh,0.096
included,0.024
pool,0.158
psychology,-0.012
building,0.008
shipping,0.072
studio,0.178
assets,-0.026
calls,-0.172
wife,-0.004
controlled,-0.002
invest,0.002
odds,-0.042
3-4,0.024
curve,0.326
websites,0.112
scroll,0.048
posts,0.166
mass,-0.098
wherever,0.176
hugely,-0.02
missouri,-0.048
alright,0.428
overseas,0.06
evenly,0.04
starting,-0.03
original,0.24
external,-0.088
freaking,0.594
neighbors,0.006
9/11,-0.114
surrounded,0.054
consider,-0.084
chinese,-0.278
caused,-0.092
suburban,0.012
lack,-0.05
dollar,-0.014
month,-0.024
founded,0.092
commute,-0.024
welfare,-0.058
talks,-0.198
follow,0.08
faster,-0.064
religious,-0.312
children,-0.07
causes,-0.196
hmmm,0.162
apartment,0.184
referring,0.236
hunting,-0.142
tv,0.304
watch,0.35
wyoming,-0.054
participants,-0.01
opportunities,-0.062
shall,0.048
tl,-0.004
program,-0.024
present,0.302
health,-0.052
enjoying,0.232
midwest,0.014
traditionally,0.062
norm,-0.006
ta,0.608
ghana,-0.018
paying,-0.116
woman,-0.01
worse,-0.39
sitting,-0.106
far,-0.156
faq,0.262
fat,-0.086
resistance,0.034
me,-0.176
novel,0.46
division,0.15
decide,-0.086
fall,-0.086
ticket,-0.104
difference,-0.098
correlates,0.078
method,0.086
treating,-0.01
cable,0.1
mothers,-0.054
louis,-0.032
yearly,0.162
list,-0.1
joined,-0.104
plotting,0.276
large,-0.104
adjust,-0.036
saudi,-0.406
cute,0.32
small,0.084
biological,-0.046
economically,0.168
20th,-0.124
context,0.138
iran,-0.644
ten,0.006
tea,0.072
streets,0.112
d3,0.368
cash,0.01
past,-0.068
rate,-0.266
arizona,0.04
design,-0.236
perspective,0.022
lawyer,0.012
pass,-0.11
link,0.242
further,-0.07
nba,0.28
marginal,0.094
investment,0.026
90s,-0.194
sub,0.192
consumers,0.006
clock,0.002
sun,-0.06
sum,0.028
associate,0.118
fucks,-0.152
emotions,-0.064
version,0.294
attitudes,-0.204
x,0.13
scientists,0.012
learned,-0.036
guns,-0.39
contrast,0.096
movement,-0.1
constructive,0.406
edited,0.298
reinstated,0.448
full,0.134
christian,-0.308
malaria,-0.1
ma,0.078
loose,-0.032
component,-0.054
certainly,-0.006
answers,-0.028
hours,-0.052
tracks,0.272
selective,-0.15
threads,-0.084
civilians,-0.214
i.e,0.086
november,-0.12
iraq,-0.502
legend,0.15
varying,0.13
search,0.19
bible,-0.082
infographic,0.392
colored,-0.008
ahead,-0.04
houses,0.194
inspired,0.292
losses,-0.096
allows,0.124
qualify,-0.022
experience,0.028
host,-0.01
prior,-0.022
amount,-0.154
extremes,-0.03
breakdown,0.692
advertising,0.324
pick,-0.058
action,-0.314
mentions,-0.542
narrow,0.1
options,0.036
timeline,0.392
technique,0.158
followed,0.1
family,0.034
suddenly,0.084
requiring,-0.01
africa,-0.194
marriages,-0.01
put,0.008
semester,-0.032
trained,-0.028
manage,0.244
armed,-0.164
1900,-0.136
readily,0.238
flaws,-0.198
takes,-0.134
0,0.082
intense,-0.004
beginning,0.084
etc,0.014
two,0.108
generate,0.27
resident,-0.052
compensate,-0.002
6,0.032
taken,-0.068
injury,-0.088
markets,-0.186
minor,-0.118
reposts,0.24
teen,-0.114
flat,-0.096
israel,-0.34
door,-0.622
knows,-0.33
incentive,-0.02
readers,0.108
company,0.054
clicking,0.184
corrected,0.39
site,0.166
excuse,-0.246
flag,-0.216
controlling,-0.052
basically,-0.132
broke,0.076
particular,0.1
known,0.05
applying,0.37
factories,-0.11
producing,-0.144
maryland,-0.044
glad,0.084
town,0.084
hardware,0.048
none,-0.046
include,0.126
shared,0.51
hour,-0.024
undergrad,-0.008
science,0.012
equation,0.182
sucks,-0.12
entertainment,0.46
friendly,-0.01
offers,0.048
offended,-0.242
remain,0.03
sudden,-0.022
sent,0.056
evolved,-0.016
learn,-0.13
male,-0.042
broad,0.22
history,-0.02
beautiful,0.646
compare,0.046
computers,0.004
visualizations,0.462
impacts,-0.078
stated,0.08
approved,0.35
share,0.4
accept,-0.092
states,-0.098
pushed,-0.064
minimum,0.024
numbers,-0.07
sense,-0.132
libertarian,-0.08
gallon,-0.086
species,-0.136
simple,0.708
axis,0.216
homicide,-0.428
huge,-0.15
needs,-0.23
beef,0.014
court,-0.174
jerk,-0.17
awkward,0.058
rather,-0.126
technological,0.012
acts,-0.432
conducted,0.028
stayed,-0.024
maps,0.472
strategy,0.124
earnings,0.03
influences,-0.074
reject,-0.098
csv,0.178
explains,0.214
idaho,-0.052
plant,0.07
sandwich,-0.074
ft,0.268
tried,-0.09
rude,-0.226
advice,0.392
derived,-0.044
internet,0.088
reflect,0.072
minds,-0.016
tries,-0.308
plane,-0.048
blood,-0.072
coming,-0.076
gates,0.074
invasion,-0.188
horizontal,0.25
response,0.268
nonetheless,0.39
refuse,-0.026
short,0.022
onto,-0.002
register,-0.03
bugs,0.072
anytime,-0.182
coal,-0.058
responsibility,-0.058
fuckin,0.644
fundamental,-0.076
media,0.144
banks,-0.02
putting,0.056
geographic,0.15
dream,0.008
playing,0.194
replied,0.114
infant,-0.128
mexican,-0.25
help,-0.108
oh,0.626
september,-0.086
developed,-0.172
username,0.312
soon,-0.068
trade,-0.17
held,0.03
attitude,-0.27
industrial,-0.018
through,-0.062
4,0.058
committed,-0.63
existence,-0.144
itt,-0.048
suffer,-0.124
its,0.016
islam,-0.382
24,-0.008
25,-0.014
26,-0.01
27,0.002
20,-0.012
21,-0.008
22,-0.004
figuring,-0.012
sale,0.026
28,0.006
29,0.0
actually,-0.138
late,-0.14
absence,-0.09
strange,0.376
systems,0.016
relate,-0.004
followers,-0.006
argentina,-0.256
soccer,0.24
might,-0.126
fool,-0.03
someone,-0.352
somebody,-0.608
yo,0.272
seeking,-0.012
food,-0.016
propose,-0.066
demographics,-0.012
males,-0.14
socially,0.008
reflected,0.25
units,0.122
fancy,0.644
outbreak,-0.076
communities,-0.194
clouds,0.556
assumptions,0.016
complain,-0.446
association,-0.036
growing,-0.006
document,0.136
products,0.05
pregnant,-0.078
always,-0.118
presented,0.438
labeling,0.182
courses,-0.028
inequality,-0.136
stopped,-0.1
fiber,0.076
turns,-0.034
inherent,-0.13
shocking,0.072
difficult,0.214
button,0.104
referred,0.108
heavy,0.062
week,-0.04
harm,-0.178
everyone,-0.622
england,-0.182
mental,-0.114
weight,-0.056
p,0.036
generation,-0.214
hundred,0.012
energy,0.028
blank,0.124
reduce,-0.02
idea,-0.064
used,0.056
democrat,-0.122
internal,0.122
oil,-0.068
expect,-0.096
measurement,0.046
carry,0.012
portland,0.006
skewed,0.004
insurance,-0.04
really,-0.05
deals,0.046
funding,-0.188
alcohol,-0.358
blacks,-0.572
solved,-0.026
walked,-0.016
since,-0.142
publish,0.138
research,0.024
differ,0.026
acting,-0.182
equate,0.068
dominated,-0.066
hill,0.042
7,0.086
print,0.084
issue,-0.1
occurs,-0.088
highway,-0.038
ass,0.018
drink,-0.072
wisconsin,-0.086
belief,-0.142
pathetic,-0.4
dirt,-0.012
driver,-0.066
friday,-0.054
guess,-0.018
drives,-0.288
happier,0.316
difficulty,0.106
reason,-0.11
heroin,-0.448
please,0.266
proxy,-0.02
members,-0.26
imagine,-0.096
ask,-0.076
approach,0.298
teach,-0.07
turnout,0.056
speculation,0.016
temperature,0.032
thrown,0.11
definition,-0.04
owners,-0.086
benefits,-0.018
thread,0.12
e.g,0.052
finland,-0.21
success,0.076
americas,-0.262
terribly,-0.056
american,-0.226
fruit,0.144
expecting,0.162
exponentially,-0.016
threat,-0.114
leading,-0.242
testament,-0.062
syria,-0.396
fallen,-0.104
gif,0.272
feed,0.052
geographically,0.408
major,-0.162
unhealthy,-0.128
probability,-0.014
prevent,-0.136
feel,-0.204
radical,-0.19
number,-0.136
welcome,0.606
mature,-0.022
feet,0.076
instances,-0.102
pop,0.074
talked,0.306
done,-0.09
fees,-0.112
slower,-0.03
wages,-0.002
overlap,0.2
passes,-0.018
horse,-0.122
heads,0.07
jew,-0.266
paint,-0.06
divorce,-0.212
interact,-0.056
porn,0.152
gpa,0.004
least,-0.106
player,0.294
belongs,-0.176
regulation,-0.312
assumption,0.006
warming,-0.04
passed,-0.15
sigh,0.408
master,0.018
destruction,-0.01
challenge,0.17
store,0.088
listed,0.07
shifted,0.014
selling,-0.168
storm,-0.056
relationship,-0.082
mentality,-0.226
immediate,0.234
luckily,-0.118
part,0.116
jordan,0.116
favorable,-0.176
doctors,-0.03
focusing,-0.056
translation,-0.06
believe,-0.2
convinced,-0.362
hollywood,0.14
obama,-0.256
linking,0.222
king,-0.07
grocery,0.054
grew,-0.052
gotten,0.0
grey,-0.18
walmart,0.098
recording,0.044
pennsylvania,-0.06
game,0.228
determined,-0.028
marriage,-0.358
risks,-0.182
toward,-0.142
treated,-0.164
weapon,-0.028
interactive,0.774
deciding,-0.068
motivation,-0.094
picked,-0.028
suspicious,0.184
ages,-0.036
initially,0.174
affirmative,-0.314
randomly,0.058
substantial,-0.044
contest,-0.014
sentences,-0.266
concentration,0.018
aged,-0.058
organs,-0.054
orders,-0.142
option,0.09
sell,-0.172
lie,-0.076
u.s,-0.244
built,0.054
zero,0.054
output,0.068
check,0.702
essentially,0.018
self,-0.094
scotland,-0.138
officers,-0.208
click,0.198
majority,-0.516
ironically,0.218
labour,-0.07
square,0.082
useless,-0.088
analogy,0.06
finding,0.294
important,0.27
club,0.154
graduating,-0.032
play,0.25
towards,-0.278
electric,-0.118
64,-0.006
programmers,0.062
quote,0.122
eggs,0.466
measures,0.044
reach,-0.036
chart,0.284
breaking,0.216
react,-0.162
most,-0.064
75,-0.044
hired,0.018
experiences,-0.002
plan,0.104
significant,-0.074
70,-0.06
nothing,-0.254
accepting,-0.288
information,0.436
extremely,-0.022
numerous,0.206
appear,-0.046
salary,0.086
d3.js,0.28
y-axis,0.198
windows,0.052
clear,0.346
sometimes,0.034
cover,-0.094
unreasonable,0.04
traditional,-0.206
intention,0.096
bodies,-0.068
clean,0.314
nyc,0.002
justify,-0.118
physics,-0.01
attacking,-0.626
lying,-0.274
differentiate,-0.056
sector,-0.042
ugh,-0.13
particularly,0.13
phenomenon,0.01
gold,0.136
cdc,0.018
compares,0.224
league,0.264
okcupid,0.04
relation,-0.044
tag,0.31
carefully,0.014
se,0.052
algorithms,0.096
font,0.118
fine,-0.04
find,-0.12
occupation,-0.046
impact,-0.148
cell,0.064
giant,-0.01
northern,-0.046
music,0.314
justice,-0.164
ruin,-0.86
heavily,-0.06
distributed,0.072
assertion,0.004
ball,0.108
penalty,-0.394
failed,-0.022
idiots,-0.228
experiment,0.174
stability,0.05
factor,-0.162
8,0.082
circle,0.054
accurate,0.528
discuss,0.0
represent,0.108
toronto,-0.002
his,0.084
dominant,-0.008
gains,0.018
hiv,-0.116
meanwhile,0.01
dependent,0.058
compiled,0.13
banned,-0.228
express,-0.062
kind,0.17
trees,0.026
cheaper,-0.094
famous,0.136
feels,-0.04
b,0.024
actions,-0.194
pretending,-0.214
competing,-0.116
during,-0.124
him,-0.146
characters,0.286
pdf,0.214
enemy,-0.368
spikes,0.012
roles,0.018
progressive,0.182
mistake,0.418
cry,-0.458
remove,0.11
bird,0.082
watched,0.326
banking,-0.034
underlying,0.178
exercise,-0.168
activity,-0.12
switzerland,-0.224
maternity,0.002
obscure,0.028
river,0.07
guessed,0.07
wrote,-0.058
restaurants,0.186
insane,0.448
bars,0.224
set,0.042
art,0.348
achieved,-0.17
throwing,-0.004
intelligence,0.072
opposing,-0.066
enjoyed,0.572
sex,-0.168
plausible,0.536
culture,-0.15
normalize,-0.018
defense,-0.072
dumb,-0.312
migration,-0.15
sea,-0.07
close,0.262
arm,-0.106
breast,-0.082
definitely,-0.004
youth,0.174
visualize,0.48
degree,0.046
expert,0.12
visiting,0.132
mine,0.272
pictures,0.112
wow,0.468
currently,0.004
electoral,-0.054
unions,-0.024
smallest,-0.166
various,0.176
probably,-0.122
burned,-0.024
donate,-0.102
conditions,-0.052
corruption,-0.042
supposed,-0.024
europe,-0.212
korea,-0.332
recently,0.1
responses,0.04
missing,0.09
targeted,-0.236
sold,-0.08
sole,-0.122
poorer,0.026
incident,-0.052
succeed,-0.276
accessible,0.33
opposition,-0.198
distinguish,-0.056
understanding,0.21
pissed,-0.232
both,0.06
c,0.048
last,0.022
reverse,0.006
license,-0.056
restaurant,0.008
powers,-0.01
barely,-0.126
explore,0.562
minorities,-0.4
mcdonald,-0.03
roman,-0.062
became,-0.012
n,0.076
retarded,-0.306
long-term,-0.034
poverty,-0.182
bots,0.012
whole,0.154
finds,-0.2
albeit,0.046
load,0.058
2.5,0.034
childhood,0.016
consume,-0.07
study,0.086
drunk,-0.078
reasons,-0.078
demographic,-0.236
loan,-0.008
community,-0.192
coincidence,-0.116
simply,-0.192
likes,-0.286
scottish,-0.148
throughout,0.096
mission,-0.052
expensive,-0.184
belt,0.118
decline,0.016
worthless,-0.172
devil,0.018
cream,-0.51
raise,-0.028
incomes,-0.038
monthly,0.034
create,0.2
acceptance,-0.062
political,-0.018
due,-0.142
teacher,-0.052
convicted,-0.486
whom,-0.076
reduction,0.03
dropping,-0.08
complicated,0.144
ireland,-0.14
collected,0.116
combine,0.064
territory,-0.202
meeting,-0.07
whoa,0.328
empty,-0.03
pm,0.018
firm,0.036
lived,0.09
partly,-0.128
comcast,0.078
gay,-0.312
boy,0.246
fire,-0.096
crack,-0.354
gas,-0.046
requires,0.13
gap,-0.17
fund,-0.032
whatever,0.218
races,-0.346
understand,-0.104
representative,-0.032
demand,-0.008
prices,-0.07
imgur,0.24
wedding,-0.014
plants,0.022
motivated,0.21
georgia,-0.066
politician,-0.114
look,0.114
exponential,0.164
raw,0.252
solid,0.306
socialist,-0.168
bill,-0.108
holocaust,-0.182
governor,-0.084
cluster,0.112
33,-0.004
while,-0.1
exciting,0.338
replaced,0.01
feminism,-0.042
behavior,-0.326
error,0.046
fun,0.654
animated,0.688
guide,0.222
loop,0.352
pack,-0.216
kingdom,0.242
30,-0.02
hoping,0.58
portugal,-0.088
century,-0.152
cents,-0.046
funded,-0.038
rip,-0.098
36,0.022
reads,-0.096
itself,0.046
ready,-0.0
limit,0.078
rid,-0.074
34,0.002
neutral,0.1
ethnicity,-0.324
different,0.2
funny,0.446
italy,-0.166
baseline,0.08
anymore,-0.124
grant,0.056
philly,0.002
belong,-0.73
tells,0.146
shorter,-0.13
rules,0.128
delicious,0.536
virtually,-0.152
widely,0.126
peoples,-0.07
9,0.062
survey,-0.026
dunno,0.396
relatively,0.072
conflict,-0.366
higher,-0.044
development,0.218
literature,-0.0
lawyers,0.042
affairs,-0.492
bonus,0.246
comprehensive,0.624
overweight,-0.014
yesterday,0.094
holidays,-0.016
moment,-0.03
levels,-0.144
uses,-0.516
purpose,-0.076
aggregate,0.034
yours,0.07
residents,-0.026
recent,0.022
dark,-0.222
lower,-0.086
respondents,0.006
guarantee,0.186
older,-0.064
percentages,0.204
poland,-0.236
depending,0.1
anybody,-0.292
county,0.038
obviously,-0.078
sports,0.264
person,-0.29
edge,-0.074
nordic,-0.252
y,0.164
organization,-0.202
skill,0.182
chemistry,0.03
spend,-0.09
know,-0.142
distances,-0.046
abilities,0.082
listening,0.324
ceo,0.166
paragraph,0.03
removed,0.262
birthday,-0.15
isolated,0.11
press,0.0
shape,0.264
openly,-0.23
questions,0.058
amp,-0.078
ad,0.02
retired,0.15
alternative,0.536
sidebar,0.262
continent,-0.128
addresses,0.08
letting,-0.082
tables,0.36
cut,-0.08
also,-0.118
disappointed,0.25
workers,-0.038
percent,-0.23
education,-0.066
exclusively,0.064
source,0.248
subjects,-0.012
parents,-0.066
location,0.158
win,0.066
contrary,0.028
mod,0.136
submissions,0.06
remaining,-0.15
surprised,0.02
nasa,-0.03
bin,0.066
complaint,-0.092
australia,-0.186
march,-0.126
emergency,-0.024
format,0.236
big,-0.134
couple,0.03
advocate,0.004
folk,-0.046
judgement,0.008
shitty,-0.522
suffering,-0.184
culturally,0.08
bit,-0.064
projects,0.002
formal,-0.094
skeptical,0.068
outright,-0.19
d,-0.126
submission,0.094
shaped,0.304
follows,-0.066
interestingly,0.042
pounds,-0.004
addressed,0.072
separately,-0.14
collect,0.062
continue,-0.1
indication,0.148
popular,0.23
fault,-0.026
collective,0.016
mathematical,0.288
consensus,0.102
often,-0.07
absolutely,-0.18
goddamn,-0.036
30s,-0.156
some,0.492
back,-0.15
phone,0.056
ah,0.642
traits,-0.016
strongest,0.156
economic,-0.06
examples,0.044
mirror,0.176
curious,0.362
ourselves,-0.176
canadians,-0.252
delivered,-0.06
and/or,-0.172
amongst,-0.006
affects,0.022
decision,-0.088
pew,-0.056
audience,0.238
per,0.062
religion,-0.268
civilization,-0.092
eliminate,-0.08
tends,-0.066
excluding,0.088
dating,0.056
invade,-0.308
minimal,0.172
t,0.054
claimed,-0.062
run,-0.154
bc,-0.074
remembered,-0.14
word,0.282
lose,-0.084
continuing,-0.03
fed,-0.034
refused,-0.102
feelings,-0.192
step,-0.018
usd,-0.042
nowhere,-0.054
santa,0.06
bs,-0.078
plots,0.328
article,0.214
by,-0.082
handled,-0.056
faith,-0.198
goods,-0.036
consumption,-0.04
anything,-0.178
netflix,0.106
am,-0.024
firing,-0.16
virus,0.1
graduation,-0.066
deserves,-0.138
range,0.1
regular,0.118
idk,0.45
mouth,0.012
hatred,-0.506
genre,0.348
block,0.116
pollution,0.028
hi,0.346
seeing,0.134
david,0.188
clinton,-0.172
colorado,-0.004
garbage,-0.144
terrorists,-0.208
nsa,0.02
into,-0.1
within,0.058
nonsense,-0.238
servers,0.046
services,0.018
appropriate,0.584
primarily,-0.142
seasons,0.288
proportional,0.21
lesson,-0.11
nobel,-0.036
impressed,0.444
statistics,-0.012
span,-0.07
spam,0.034
spending,-0.074
measured,0.058
apparently,0.32
question,-0.08
long,-0.134
custom,0.164
ordered,-0.086
atheists,-0.298
camera,0.074
infected,-0.1
heritage,-0.222
forward,0.26
translate,-0.092
sections,0.002
scared,0.202
iphone,0.046
files,0.218
considerably,-0.102
himself,-0.172
receiving,0.102
jennifer,0.114
jewish,-0.338
poster,-0.036
adjusting,-0.002
criteria,0.05
immigration,-0.238
github,0.274
boys,0.068
properly,0.02
atlantic,-0.008
alive,-0.142
newer,0.044
sick,-0.072
russian,-0.22
line,0.258
australian,0.032
raising,-0.014
decades,-0.006
attribute,0.06
ideals,-0.14
cia,-0.066
intuitive,0.538
sounds,0.494
up,-0.14
us,-0.172
planet,-0.098
mobile,0.094
good,0.602
un,-0.05
diagrams,0.238
uk,-0.152
planes,-0.024
ppp,-0.004
highlight,0.01
loving,0.072
similar,0.654
called,-0.072
bell,0.224
v,0.074
boomers,-0.096
adults,-0.148
figured,0.278
defined,-0.0
likewise,0.004
influence,-0.094
proper,0.196
single,-0.07
cure,-0.102
checked,0.122
nationalism,-0.292
liking,-0.164
defines,0.042
ancestors,-0.136
amounts,0.058
fixing,-0.1
image,0.29
peace,-0.258
teams,0.258
preventing,-0.176
grouped,-0.04
politicians,0.002
bracket,-0.052
electrical,0.046
transport,-0.066
income,0.03
department,-0.14
manhattan,0.13
soviets,-0.236
responded,0.006
explaining,0.112
draw,0.138
elements,0.02
titles,0.268
users,0.068
gross,0.128
favourite,0.1
knew,0.356
kansas,-0.002
problems,-0.07
prepared,0.006
regulations,-0.084
meaning,0.02
slice,-0.076
allowing,-0.106
utterly,-0.072
advances,0.058
song,0.29
chocolate,-0.12
sides,-0.152
christ,0.014
ago,-0.052
bases,0.096
land,-0.054
implies,-0.074
performance,0.072
algorithm,0.202
practically,-0.026
established,0.01
age,-0.038
vehicles,-0.07
backed,0.04
departments,-0.154
institutions,-0.056
2002,-0.058
2003,-0.194
2000,-0.118
2001,-0.11
2006,-0.114
2007,-0.09
2004,-0.11
2005,-0.15
everywhere,-0.014
2008,-0.094
2009,-0.092
intentional,-0.076
having,-0.104
once,-0.05
code,0.122
edm,0.324
sales,-0.042
hurricane,0.004
results,0.006
produce,-0.01
existing,0.15
penis,0.086
farms,0.038
efficient,0.242
ggplot2,0.258
gang,-0.392
go,-0.118
moon,0.188
contributions,-0.28
centers,-0.002
issues,-0.064
seemed,0.222
projection,0.238
vietnamese,-0.236
description,0.164
young,-0.052
send,0.102
languages,-0.162
critical,0.158
helps,0.02
excluded,0.02
stable,0.12
weather,0.044
dislike,-0.486
women,-0.024
dramatically,-0.164
resources,0.032
cite,0.266
queen,-0.08
mainstream,0.164
outside,0.002
continues,-0.056
genius,0.558
schedule,0.006
wave,-0.026
grid,0.196
facebook,-0.004
telling,0.308
drinking,-0.168
ending,0.448
continued,-0.096
categories,0.022
severely,0.054
magic,0.1
religions,-0.266
meant,0.118
gender,-0.136
marry,-0.03
grammar,0.374
michael,0.058
colors,-0.052
fewer,-0.062
try,-0.108
bmi,0.066
race,-0.378
trips,0.152
min,0.034
javascript,0.28
businesses,0.058
obesity,-0.192
enforce,-0.118
smaller,-0.016
visualisation,0.534
wording,0.246
flu,-0.098
participate,0.05
scientist,0.068
rivers,0.33
jump,0.078
imply,-0.032
video,0.436
traveling,0.14
uncomfortable,-0.048
subtle,0.078
download,0.156
clever,0.24
cat,0.178
odd,0.194
submit,0.112
depression,-0.052
universities,-0.066
index,-0.03
plays,0.128
business,0.024
chicago,0.006
giving,0.03
saw,0.178
reaching,-0.094
expressed,0.056
networks,0.072
access,0.014
consistently,-0.0
waiting,0.05
indian,-0.356
apologize,0.438
capital,0.028
values,0.144
cup,0.208
nights,-0.054
nazis,-0.328
3d,0.348
body,-0.064
justification,-0.036
led,-0.048
chose,-0.052
stance,-0.248
exchange,-0.022
respectively,-0.064
gathered,0.098
pushing,-0.058
commercial,0.056
indicator,0.058
highly,0.044
following,-0.006
bachelor,0.154
objects,-0.05
let,-0.092
separation,-0.016
others,-0.21
downvote,0.03
consideration,-0.066
safer,0.064
invented,0.046
mindset,-0.138
ukraine,-0.222
convert,0.022
engage,-0.022
talent,0.568
metro,0.002
receive,-0.018
32,0.028
31,-0.0
larger,-0.13
shades,-0.128
alaska,-0.138
35,0.0
leaving,-0.006
engine,-0.03
suggests,0.246
resulting,-0.092
developer,0.07
defeat,-0.202
opinion,-0.064
implement,-0.118
proof,-0.004
makes,-0.32
weekends,-0.032
involves,-0.128
thats,0.522
fake,0.09
named,0.064
see,0.026
apple,0.072
claim,-0.068
egypt,-0.414
presidents,-0.184
app,0.05
offset,0.164
crazy,0.538
private,-0.064
outcomes,-0.136
affected,0.052
austria,-0.188
api,0.166
decrease,-0.116
names,0.168
blog,0.266
apply,0.106
complex,0.222
route,0.006
causal,-0.004
cloud,0.192
standing,0.02
use,-0.142
fee,-0.124
crap,-0.078
stream,0.166
usa,-0.23
remains,0.018
illegal,-0.448
determining,0.212
readable,0.376
flights,0.064
next,-0.052
calculation,0.0
doubt,-0.082
subsidized,-0.042
vehicle,-0.018
length,0.148
themselves,-0.25
hiding,-0.05
historically,0.034
reflects,0.048
sort,0.042
parliament,-0.144
1/3,-0.02
1/2,-0.018
comparison,0.172
started,-0.076
becomes,-0.104
inclined,0.096
local,0.086
occurred,-0.082
infection,-0.096
fuck,0.024
carrying,-0.23
israelis,-0.298
prizes,-0.068
baby,-0.036
rare,0.168
occasionally,0.474
charity,-0.054
customer,0.044
topic,0.084
account,-0.064
balls,0.194
animals,0.062
extension,0.172
f,0.07
project,0.22
ride,-0.036
package,0.236
laid,0.178
recession,-0.062
anywhere,-0.17
obvious,0.232
thin,0.42
universe,-0.008
meet,0.162
drops,-0.038
averages,0.062
institute,-0.004
dropped,-0.056
control,-0.032
links,0.296
providers,0.04
process,-0.084
oc,0.254
proportions,-0.034
allowed,0.236
tax,-0.024
purposes,0.136
pieces,0.084
high,-0.064
professor,0.002
reserves,-0.082
pulling,-0.038
something,-0.248
hit,0.034
voice,0.018
rape,-0.518
native,-0.322
practical,0.128
educational,-0.066
united,-0.224
democracy,-0.174
sit,-0.106
redditors,-0.062
tableau,0.362
regions,-0.004
located,0.0
varies,0.022
winners,0.022
animal,0.054
instead,-0.058
immoral,-0.37
sin,-0.198
stock,0.026
profile,0.008
pink,-0.206
buildings,0.08
blocks,0.18
attend,-0.074
outlier,0.068
farm,0.072
locked,-0.06
philosophy,-0.002
tied,-0.166
bothered,-0.066
abuse,-0.276
structure,0.064
ethnic,-0.26
tier,-0.026
ties,0.098
spelling,-0.186
worried,0.312
ambiguous,0.214
realized,0.204
introduced,0.13
purely,0.046
light,-0.216
subreddits,0.058
lines,0.15
correspond,0.142
element,-0.016
wwii,-0.228
honestly,0.018
allow,-0.162
healthcare,-0.006
software,0.042
counted,-0.012
longest,-0.526
houston,0.002
holds,0.022
closely,0.028
produces,-0.55
move,-0.088
encouraged,-0.006
interpreted,0.054
produced,-0.064
whilst,0.176
meh,0.168
relative,0.172
including,0.002
graph,0.278
mentioned,-0.052
shapes,0.14
layout,0.626
bunch,-0.132
industries,-0.008
superior,0.01
la,-0.0
chosen,-0.1
ll,-0.116
ships,-0.044
sunday,0.026
labor,-0.054
lt,0.106
willing,-0.19
degrees,0.028
choose,-0.164
orange,-0.212
2014,-0.1
criminal,-0.46
2011,-0.092
2010,-0.096
2013,-0.026
2012,-0.1
dad,-0.018
crash,-0.02
pure,-0.072
python,0.22
auto,0.002
practice,-0.212
earn,0.016
oranges,0.26
eli5,-0.082
cutting,-0.134
understood,0.066
hands,-0.024
front,-0.202
bar,0.308
scatter,0.31
republican,-0.118
day,-0.07
presidential,-0.202
worlds,-0.168
masters,0.036
mods,0.262
notable,0.028
edit,0.472
intelligent,0.116
university,-0.014
nfl,0.264
identified,-0.03
parks,0.35
nicely,0.784
slide,0.064
magnitude,-0.016
rockets,-0.19
mode,-0.078
truth,0.222
references,-0.582
bills,-0.05
francisco,0.014
flair,0.358
subset,-0.114
ratings,0.286
homeless,0.038
map,0.456
doing,-0.21
globe,-0.62
strip,-0.074
product,0.006
related,-0.048
society,-0.036
fraction,-0.082
static,0.15
variety,0.128
measure,0.06
our,0.282
meth,-0.468
bay,0.006
sexual,-0.3
special,0.396
out,-0.17
category,-0.098
fundamentally,-0.17
sentiment,-0.484
twice,0.164
spectrum,0.004
aside,0.16
defend,-0.05
yup,0.554
your,0.308
upset,0.218
mate,0.526
arkansas,0.316
hilarious,0.198
utility,0.04
cause,-0.112
red,-0.204
common,0.258
shut,-0.138
shit,0.058
spot,0.156
tested,-0.002
1984,0.072
70s,-0.152
release,0.17
completely,-0.176
ancestry,-0.254
surely,-0.018
york,-0.048
trends,0.216
conservatives,-0.056
conflicts,-0.314
likelihood,-0.234
organ,-0.012
shortest,0.1
defining,-0.058
scary,-0.09
backwards,-0.118
allies,-0.228
hostile,-0.01
g,0.074
applications,0.038
explanations,0.118
could,-0.132
florida,-0.126
keep,-0.248
conversation,0.066
chicken,0.06
allied,-0.216
assumed,0.084
hence,-0.058
stone,0.184
discussions,0.198
retail,-0.006
austin,0.094
south,-0.122
designed,0.094
blown,-0.028
confuse,-0.128
scene,0.54
owned,-0.076
jesus,-0.008
fits,0.29
improvements,0.172
bitch,0.006
owner,0.024
mandatory,0.068
blows,0.48
precisely,0.072
quality,-0.082
reliable,0.408
owning,-0.072
has,0.262
ancient,-0.07
sadly,0.348
fair,0.236
strict,-0.014
unknown,-0.098
creator,0.128
accent,0.052
system,-0.194
relations,-0.358
priority,-0.068
their,0.058
attack,-0.192
swear,0.446
ton,0.054
palestine,-0.228
perfectly,0.084
final,0.302
painful,0.128
misunderstood,0.014
interests,0.05
enforcement,-0.282
stars,-0.048
collection,-0.032
bachelors,0.05
explanation,0.33
exactly,-0.2
lists,0.004
depressing,0.15
environmental,0.026
regards,0.104
labelled,0.098
july,-0.21
overwhelming,-0.26
elite,-0.062
institution,-0.062
uniform,0.19
quantitative,0.192
warfare,-0.296
dexter,0.418
boring,-0.372
bother,-0.162
richer,-0.05
bed,-0.046
limiting,-0.012
xkcd,0.312
sweden,-0.208
individual,0.03
malpractice,-0.038
gays,-0.828
visited,0.132
negatively,-0.244
providing,0.286
ok,0.496
bet,0.004
imho,-0.202
collecting,-0.118
1.5,-0.03
enforced,-0.198
counter,0.138
false,-0.216
viewer,0.084
half,-0.054
teenagers,-0.28
curves,0.25
comfortable,0.32
corrupt,-0.028
imdb,0.204
defending,-0.114
need,-0.148
border,-0.018
clearly,-0.086
viewed,-0.126
catholic,-0.222
afraid,0.06
angle,-0.078
russians,-0.224
dallas,0.016
studying,-0.07
agency,-0.078
able,-0.052
mid,-0.146
battles,-0.206
contact,0.266
mix,-0.036
concerns,0.168
declined,-0.064
which,-0.064
bus,-0.042
appealing,0.592
truck,-0.098
korean,-0.27
techniques,0.038
brand,-0.084
medals,-0.008
accuracy,0.13
worldwide,0.274
solution,0.214
unless,-0.234
agenda,-0.138
combat,-0.146
centre,-0.12
who,-0.252
harmful,-0.314
useful,0.678
montana,-0.056
eight,0.018
plus,-0.012
tall,0.022
device,0.06
outliers,0.038
future,-0.03
why,-0.128
concerned,0.318
subjective,-0.038
deny,-0.088
consequences,-0.078
heh,0.398
url,0.25
liked,0.394
gather,0.092
stronger,-0.09
disease,-0.118
face,-0.324
looked,0.124
graphs,0.264
capita,-0.068
near,0.048
absurd,-0.068
versa,0.34
lakes,0.37
wealthier,0.028
normally,-0.044
logical,0.218
fact,-0.204
goals,0.082
son,-0.004
impression,-0.59
atmosphere,-0.006
selection,-0.06
improvement,0.248
chances,0.006
text,0.158
agreed,0.19
supported,-0.158
assholes,-0.258
anyway,0.01
brother,0.154
connect,0.044
bring,-0.056
planning,0.028
democrats,-0.104
soldiers,-0.21
fear,0.004
mapping,0.238
economist,0.088
debate,-0.066
decade,-0.026
staff,-0.02
partners,-0.1
communism,-0.224
based,0.06
knowledge,0.13
comfort,-0.022
earned,0.062
tough,0.424
upvote,0.062
winner,-0.054
fans,0.112
controls,-0.066
should,-0.14
won,-0.062
candidates,-0.128
notes,0.104
fuel,0.002
employed,-0.024
communist,-0.18
partially,-0.082
thousands,-0.064
mortality,-0.242
regularly,0.038
insight,0.624
handle,-0.08
listened,0.256
means,-0.152
beat,0.004
displayed,0.212
michigan,0.02
overall,0.006
rush,0.052
first,0.068
120,0.0
ones,-0.126
legitimate,0.076
words,0.098
score,0.132
entity,0.016
simpler,0.332
areas,-0.014
gray,-0.126
evolution,-0.144
trucks,-0.108
brain,-0.09
denmark,-0.204
married,-0.088
suburbs,0.102
taxes,-0.032
calling,-0.474
stuff,0.51
she,-0.154
contain,0.106
ohio,-0.054
grab,-0.076
piss,0.292
grad,-0.02
generations,-0.154
view,-0.24
knowing,0.01
requirement,0.052
statistical,0.12
exists,-0.104
acquired,-0.042
smooth,0.608
national,0.056
pitch,-0.012
humans,0.002
lazy,-0.174
immigrant,-0.204
accused,-0.522
desperate,-0.07
greece,-0.226
stack,0.168
statistically,0.054
closer,-0.036
puts,0.106
computer,-0.004
wealth,-0.004
insulting,-0.054
reform,-0.094
arguably,-0.064
tool,0.348
finally,0.144
tend,-0.042
favor,-0.258
mexicans,-0.398
converted,0.056
closed,-0.07
ebola,-0.09
nuclear,0.028
neither,0.036
email,0.142
bought,-0.022
textbook,0.05
admittedly,0.07
ends,0.052
attention,0.024
exam,-0.038
conversations,0.094
opening,0.58
importance,0.036
deliver,-0.052
agencies,-0.034
however,-0.102
rain,0.098
efficiency,0.168
job,0.268
hypothesis,0.136
key,0.182
police,-0.35
boss,0.226
ios,0.13
distribution,0.322
declining,-0.038
thumb,-0.072
restrictions,-0.154
hits,-0.0
commenting,-0.084
limits,0.01
career,-0.01
joke,0.13
taking,-0.112
equal,-0.072
drug,-0.532
agree,0.044
april,-0.124
admit,-0.246
ranked,-0.19
grain,0.026
expand,0.074
passing,-0.02
kinds,0.156
masses,-0.042
jersey,-0.06
otherwise,0.058
comment,0.244
detailed,0.428
adjusted,0.002
unclear,0.118
<SPECIAL>,0.002
premise,0.008
conclude,-0.032
wall,0.066
ca,-0.102
wonder,0.27
irish,-0.248
walk,-0.008
concepts,0.034
subscribe,0.068
laugh,-0.398
news,0.136
cs,-0.01
respect,0.102
winning,0.02
earning,0.084
600,-0.014
quit,-0.278
yay,-0.024
platform,0.056
addition,0.072
discrimination,-0.358
arbitrary,-0.016
charts,0.362
shame,0.176
rhode,-0.066
genetic,-0.118
permanent,-0.096
slowly,-0.018
treat,-0.042
gaza,-0.236
waste,-0.002
louisiana,-0.072
define,-0.06
wtf,0.264
homosexual,-0.312
diversity,-0.072
received,-0.026
moved,-0.064
sufficient,0.022
overwhelmingly,-0.05
climate,-0.044
finale,0.346
crappy,-0.802
bulk,-0.096
tweets,-0.006
finished,-0.016
expenditure,-0.02
abortions,-0.298
covered,-0.042
smoking,-0.716
atlanta,-0.008
fellow,0.438
despite,0.116
spain,-0.196
homes,0.162
holiday,-0.028
unlike,-0.098
ap,-0.038
plain,-0.122
clearer,0.604
harder,-0.042
value,0.086
choices,-0.388
will,-0.144
stalin,-0.29
owns,-0.204
wild,0.056
balance,0.042
instantly,-0.14
frustrating,-0.248
supply,-0.028
va,-0.024
annual,0.024
ve,-0.074
manually,0.144
almost,-0.226
insanely,0.04
thus,-0.04
surprisingly,0.074
surface,0.05
helped,-0.046
vs,0.13
lifetime,-0.018
arabia,-0.418
bucks,-0.058
foreign,-0.15
regression,0.236
greater,-0.006
stands,0.062
capture,-0.002
terrorist,-0.29
productivity,0.076
sensitive,0.098
generic,-0.042
solely,0.006
began,-0.074
views,-0.032
administration,-0.212
cross,-0.022
campus,0.126
member,-0.122
parts,-0.082
northwest,-0.014
geographical,0.374
largest,-0.464
vocabulary,-0.038
party,-0.096
terrorism,-0.344
gets,-0.238
microsoft,0.094
planned,0.076
material,0.034
slave,-0.192
alot,0.084
selfish,-0.234
x-axis,0.278
reporting,-0.134
disagree,0.022
effect,-0.144
phd,0.026
authors,0.266
sarcastic,-0.002
student,-0.026
variance,0.008
fucked,-0.186
build,0.002
requests,0.072
identity,-0.194
diabetes,-0.214
expense,-0.078
off,-0.106
center,-0.048
records,-0.084
miss,0.494
colour,-0.164
indonesia,-0.506
well,0.02
fighting,-0.376
thought,0.056
patterns,-0.154
sheer,0.246
command,-0.246
english,-0.142
position,-0.042
muscle,-0.022
soviet,-0.21
drawing,0.154
latest,-0.03
taller,0.036
45,-0.002
stores,-0.002
subscribers,0.176
rocket,-0.17
less,-0.108
increasingly,-0.076
claiming,-0.126
downvotes,-0.082
executive,-0.136
domestic,-0.152
obtain,-0.004
mistaken,-0.26
sources,0.184
mistakes,-0.442
books,0.122
seats,-0.05
dakota,-0.068
protecting,-0.162
paul,-0.202
graduate,0.006
recommend,0.642
downvoted,-0.27
happiness,0.392
web,0.234
generous,0.084
ads,0.144
listen,0.264
density,0.044
point,-0.07
sky,-0.1
lake,0.058
upvoted,0.014
bullshit,-0.164
battery,0.002
add,0.234
book,0.208
nato,-0.162
attractive,0.032
citizen,-0.112
usage,0.036
upvotes,0.02
ought,0.12
kick,-0.04
details,0.21
identical,0.18
tests,0.006
increased,-0.08
myth,-0.098
government,-0.016
checking,0.156
suggestions,0.694
fyi,0.068
utah,-0.118
increases,0.014
five,0.042
dudes,-0.334
burden,-0.734
belgium,-0.194
immediately,0.052
height,0.038
prominent,0.104
loss,-0.064
trash,-0.058
necessary,0.158
helpful,0.836
lost,-0.158
sizes,0.008
loads,0.19
admitted,-0.18
loses,-0.208
sized,0.002
unique,0.492
january,-0.138
regulated,-0.19
works,-0.496
soft,-0.15
page,0.166
italian,-0.178
amendment,-0.226
deviation,-0.028
because,-0.148
twitter,0.012
church,-0.072
peer,0.17
searching,0.034
authority,-0.146
hair,-0.22
wider,0.02
growth,-0.038
export,-0.0
story,0.548
choosing,-0.074
cleveland,-0.002
validity,0.168
home,0.016
empire,-0.112
employment,-0.036
recognition,-0.076
happens,-0.152
focused,-0.004
60s,-0.31
lead,-0.106
overlay,0.584
literally,-0.266
avoid,-0.144
delaware,-0.078
lean,-0.074
thank,0.818
salaries,0.02
visit,0.676
profitable,0.12
does,-0.13
gt,0.258
assuming,0.074
screwed,0.02
leader,-0.082
biology,-0.018
noise,0.042
inaccurate,-0.132
slight,-0.144
journal,0.1
monetary,-0.112
expansion,0.072
paper,0.12
pressure,-0.04
murdered,-0.288
inherently,-0.326
although,0.014
worthy,0.144
described,-0.076
r,0.164
loans,0.04
television,0.29
counties,-0.028
stage,-0.18
gained,-0.036
sister,-0.02
lifestyle,-0.252
carried,-0.124
harvard,-0.004
getting,-0.136
column,0.182
freedom,-0.122
label,0.182
recognized,-0.078
angeles,0.004
chrome,0.048
statement,0.084
emperor,-0.06
documentary,0.702
peak,-0.064
equally,-0.022
own,0.076
letters,0.078
coverage,0.054
libertarians,-0.046
previously,0.028
boundaries,0.042
washington,-0.058
functional,-0.218
billions,-0.07
dataset,0.232
doesnt,-0.126
been,0.216
female,-0.062
artists,0.292
roads,0.014
capable,-0.042
browser,0.106
fraud,-0.2
pointless,-0.29
fired,-0.17
hitting,-0.018
mississippi,-0.056
additional,0.298
1980,-0.08
pc,-0.026
transfer,0.258
housing,-0.016
apps,0.138
secret,0.386
spots,-0.088
awarded,-0.04
bump,-0.028
pa,0.008
inner,0.336
biggest,-0.476
damn,0.412
exposure,0.416
chunk,-0.154
naturally,-0.08
function,0.246
tricky,0.05
cricket,0.254
buy,-0.036
north,-0.11
maintenance,-0.132
aircraft,0.042
funds,-0.182
coke,-0.208
extended,0.03
histogram,0.69
delivery,-0.068
expected,0.014
repeated,0.054
construction,-0.042
plague,-0.062
gain,-0.048
courts,-0.134
automated,-0.0
didnt,0.222
highest,-0.248
eat,-0.044
he,-0.29
count,-0.044
made,0.108
wise,-0.068
places,-0.032
whether,-0.154
dangerous,-0.612
cells,-0.024
official,-0.05
variations,-0.112
flip,-0.014
signed,-0.186
placed,0.072
below,0.054
convince,-0.104
stories,0.07
ruling,-0.168
demonstrate,0.044
problem,-0.124
piece,-0.07
minutes,-0.036
display,0.308
tastes,0.24
website,0.202
supreme,-0.18
replying,-0.126
deaths,-0.146
nurses,-0.034
recognize,-0.16
universal,-0.036
contribute,-0.138
condition,0.106
meaningless,0.036
correction,0.386
consumed,-0.034
beats,0.054
entire,0.376
periods,0.026
flight,-0.064
shooting,-0.12
cited,0.196
80,-0.068
spell,0.122
compared,-0.066
improving,0.418
48,0.022
49,-0.042
fascinating,0.848
deadly,-0.154
44,-0.02
attacked,-0.244
offensive,-0.138
detail,0.262
40,-0.02
illinois,-0.012
other,0.062
uni,0.102
boom,-0.064
branch,-0.09
u,0.242
85,-0.03
conclusion,0.032
troll,-0.044
stat,0.036
repeat,-0.236
star,-0.392
class,-0.092
become,0.012
june,-0.128
ultimately,0.21
variation,-0.104
stay,0.042
chance,-0.104
kinda,0.022
rural,-0.04
jackson,0.172
else,-0.346
friends,-0.294
christians,-0.302
matrix,0.116
searches,0.094
breaks,0.42
kidding,0.166
prevalent,-0.098
ranks,-0.508
atheist,-0.216
measurements,0.1
space,0.026
rule,0.024
intentionally,-0.112
atheism,-0.166
portion,-0.1
write,0.148
compete,0.086
uneducated,-0.278
lives,-0.064
accidents,-0.082
furthermore,-0.004
forgot,0.532

